{"cameraMode":{"drawMode":0,"name":"Shaded","section":"Shading Mode"},"sceneLighting":false,"audioPlay":false,"sceneViewState":{"m_AlwaysRefresh":false,"showFog":true,"showSkybox":false,"showFlares":true,"showImageEffects":true,"showParticleSystems":true,"showVisualEffectGraphs":true,"m_FxEnabled":true},"in2DMode":false,"pivot":{"x":0.8100000619888306,"y":2.1653339862823488,"z":17.459999084472658},"rotation":{"x":0.11812552809715271,"y":0.750489354133606,"z":-0.13959036767482758,"w":0.6350791454315186},"size":2.3617351055145265,"orthographic":false}